,Emails,Type
0,1@survey.com,3.0
1,2@survey.com,3.0
2,3@survey.com,2.0
3,4@survey.com,1.0
4,5@survey.com,3.0
5,6@survey.com,3.0
6,7@survey.com,3.0
7,8@survey.com,1.0
8,9@survey.com,1.0
9,10@survey.com,1.0
10,11@survey.com,3.0
11,12@survey.com,3.0
12,13@survey.com,2.0
13,14@survey.com,1.0
14,15@survey.com,1.0
15,16@survey.com,2.0
16,17@survey.com,1.0
17,18@survey.com,1.0
18,19@survey.com,3.0
19,20@survey.com,3.0
20,21@survey.com,2.0
21,22@survey.com,3.0
22,23@survey.com,3.0
23,24@survey.com,2.0
24,25@survey.com,2.0
25,26@survey.com,1.0
26,27@survey.com,3.0
27,28@survey.com,1.0
28,29@survey.com,3.0
29,30@survey.com,1.0
30,31@survey.com,3.0
31,32@survey.com,1.0
32,33@survey.com,1.0
33,34@survey.com,2.0
34,35@survey.com,2.0
35,36@survey.com,1.0
36,37@survey.com,2.0
37,38@survey.com,2.0
38,39@survey.com,2.0
39,40@survey.com,1.0
40,41@survey.com,1.0
41,42@survey.com,3.0
42,43@survey.com,3.0
43,44@survey.com,1.0
44,45@survey.com,1.0
45,46@survey.com,3.0
46,47@survey.com,3.0
47,48@survey.com,1.0
48,49@survey.com,1.0
49,50@survey.com,3.0
50,51@survey.com,1.0
51,52@survey.com,2.0
52,53@survey.com,2.0
53,54@survey.com,2.0
54,55@survey.com,2.0
55,56@survey.com,1.0
56,57@survey.com,2.0
57,58@survey.com,1.0
58,59@survey.com,3.0
59,60@survey.com,3.0
60,61@survey.com,2.0
61,62@survey.com,2.0
62,63@survey.com,1.0
63,64@survey.com,3.0
64,65@survey.com,1.0
65,66@survey.com,3.0
66,67@survey.com,3.0
67,68@survey.com,1.0
68,69@survey.com,1.0
69,70@survey.com,1.0
70,71@survey.com,3.0
71,72@survey.com,3.0
72,73@survey.com,1.0
73,74@survey.com,1.0
74,75@survey.com,2.0
75,76@survey.com,2.0
76,77@survey.com,3.0
77,78@survey.com,2.0
78,79@survey.com,2.0
79,80@survey.com,3.0
80,81@survey.com,1.0
81,82@survey.com,3.0
82,83@survey.com,2.0
83,84@survey.com,1.0
84,85@survey.com,2.0
85,86@survey.com,2.0
86,87@survey.com,2.0
87,88@survey.com,1.0
88,89@survey.com,1.0
89,90@survey.com,1.0
90,91@survey.com,3.0
91,92@survey.com,1.0
92,93@survey.com,2.0
93,94@survey.com,3.0
94,95@survey.com,3.0
95,96@survey.com,3.0
96,97@survey.com,3.0
97,98@survey.com,3.0
98,99@survey.com,3.0
99,100@survey.com,3.0
100,101@survey.com,2.0
101,102@survey.com,3.0
102,103@survey.com,2.0
103,104@survey.com,3.0
104,105@survey.com,3.0
105,106@survey.com,3.0
106,107@survey.com,2.0
107,108@survey.com,1.0
108,109@survey.com,2.0
109,110@survey.com,3.0
110,111@survey.com,3.0
111,112@survey.com,1.0
112,113@survey.com,2.0
113,114@survey.com,3.0
114,115@survey.com,2.0
115,116@survey.com,2.0
116,117@survey.com,2.0
117,118@survey.com,1.0
118,119@survey.com,3.0
119,120@survey.com,3.0
120,121@survey.com,2.0
121,122@survey.com,3.0
122,123@survey.com,2.0
123,124@survey.com,2.0
124,125@survey.com,2.0
125,126@survey.com,2.0
126,127@survey.com,1.0
127,128@survey.com,3.0
128,129@survey.com,2.0
129,130@survey.com,1.0
130,131@survey.com,2.0
131,132@survey.com,3.0
132,133@survey.com,1.0
133,134@survey.com,2.0
134,135@survey.com,1.0
135,136@survey.com,2.0
136,137@survey.com,3.0
137,138@survey.com,3.0
138,139@survey.com,2.0
139,140@survey.com,1.0
140,141@survey.com,2.0
141,142@survey.com,3.0
142,143@survey.com,1.0
143,144@survey.com,1.0
144,145@survey.com,2.0
145,146@survey.com,1.0
146,147@survey.com,3.0
147,148@survey.com,3.0
148,149@survey.com,2.0
149,150@survey.com,3.0
150,151@survey.com,2.0
151,152@survey.com,1.0
152,153@survey.com,1.0
153,154@survey.com,1.0
154,155@survey.com,3.0
155,156@survey.com,2.0
156,157@survey.com,3.0
157,158@survey.com,3.0
158,159@survey.com,2.0
159,160@survey.com,2.0
160,161@survey.com,3.0
161,162@survey.com,1.0
162,163@survey.com,3.0
163,164@survey.com,1.0
164,165@survey.com,1.0
165,166@survey.com,2.0
166,167@survey.com,2.0
167,168@survey.com,3.0
168,169@survey.com,3.0
169,170@survey.com,2.0
170,171@survey.com,2.0
171,172@survey.com,3.0
172,173@survey.com,3.0
173,174@survey.com,3.0
174,175@survey.com,1.0
175,176@survey.com,3.0
176,177@survey.com,3.0
177,178@survey.com,2.0
178,179@survey.com,3.0
179,180@survey.com,2.0
180,181@survey.com,3.0
181,182@survey.com,3.0
182,183@survey.com,2.0
183,184@survey.com,3.0
184,185@survey.com,1.0
185,186@survey.com,1.0
186,187@survey.com,1.0
187,188@survey.com,3.0
188,189@survey.com,1.0
189,190@survey.com,3.0
190,191@survey.com,3.0
191,192@survey.com,2.0
192,193@survey.com,1.0
193,194@survey.com,2.0
194,195@survey.com,2.0
195,196@survey.com,3.0
196,197@survey.com,1.0
197,198@survey.com,1.0
198,199@survey.com,3.0
199,200@survey.com,3.0
200,201@survey.com,3.0
201,202@survey.com,1.0
202,203@survey.com,3.0
203,204@survey.com,3.0
204,205@survey.com,3.0
205,206@survey.com,2.0
206,207@survey.com,2.0
207,208@survey.com,1.0
208,209@survey.com,1.0
209,210@survey.com,2.0
210,211@survey.com,1.0
211,212@survey.com,1.0
212,213@survey.com,2.0
213,214@survey.com,2.0
214,215@survey.com,2.0
215,216@survey.com,3.0
216,217@survey.com,3.0
217,218@survey.com,1.0
218,219@survey.com,3.0
219,220@survey.com,3.0
220,221@survey.com,2.0
221,222@survey.com,2.0
222,223@survey.com,3.0
223,224@survey.com,2.0
224,225@survey.com,3.0
225,226@survey.com,2.0
226,227@survey.com,1.0
227,228@survey.com,2.0
228,229@survey.com,2.0
229,230@survey.com,3.0
230,231@survey.com,1.0
231,232@survey.com,1.0
232,233@survey.com,2.0
233,234@survey.com,1.0
234,235@survey.com,3.0
235,236@survey.com,3.0
236,237@survey.com,2.0
237,238@survey.com,1.0
238,239@survey.com,1.0
239,240@survey.com,2.0
240,241@survey.com,3.0
241,242@survey.com,1.0
242,243@survey.com,2.0
243,244@survey.com,1.0
244,245@survey.com,1.0
245,246@survey.com,1.0
246,247@survey.com,3.0
247,248@survey.com,2.0
248,249@survey.com,2.0
249,250@survey.com,2.0
250,251@survey.com,1.0
251,252@survey.com,2.0
252,253@survey.com,1.0
253,254@survey.com,3.0
254,255@survey.com,1.0
255,256@survey.com,2.0
256,257@survey.com,1.0
257,258@survey.com,3.0
258,259@survey.com,3.0
259,260@survey.com,2.0
260,261@survey.com,1.0
261,262@survey.com,1.0
262,263@survey.com,2.0
263,264@survey.com,3.0
264,265@survey.com,2.0
265,266@survey.com,1.0
266,267@survey.com,1.0
267,268@survey.com,2.0
268,269@survey.com,1.0
269,270@survey.com,3.0
270,271@survey.com,1.0
271,272@survey.com,1.0
272,273@survey.com,2.0
273,274@survey.com,2.0
274,275@survey.com,1.0
275,276@survey.com,2.0
276,277@survey.com,1.0
277,278@survey.com,3.0
278,279@survey.com,3.0
279,280@survey.com,1.0
280,281@survey.com,2.0
281,282@survey.com,2.0
282,283@survey.com,1.0
283,284@survey.com,3.0
284,285@survey.com,3.0
285,286@survey.com,1.0
286,287@survey.com,1.0
287,288@survey.com,1.0
288,289@survey.com,3.0
289,290@survey.com,3.0
290,291@survey.com,1.0
291,292@survey.com,3.0
292,293@survey.com,1.0
293,294@survey.com,2.0
294,295@survey.com,3.0
295,296@survey.com,1.0
296,297@survey.com,3.0
297,298@survey.com,3.0
298,299@survey.com,1.0
299,300@survey.com,1.0
300,301@survey.com,2.0
301,302@survey.com,3.0
302,303@survey.com,1.0
303,304@survey.com,3.0
304,305@survey.com,3.0
305,306@survey.com,1.0
306,307@survey.com,1.0
307,308@survey.com,2.0
308,309@survey.com,1.0
309,310@survey.com,3.0
310,311@survey.com,3.0
311,312@survey.com,2.0
312,313@survey.com,3.0
313,314@survey.com,1.0
314,315@survey.com,2.0
315,316@survey.com,1.0
316,317@survey.com,1.0
317,318@survey.com,3.0
318,319@survey.com,1.0
319,320@survey.com,1.0
320,321@survey.com,2.0
321,322@survey.com,1.0
322,323@survey.com,2.0
323,324@survey.com,2.0
324,325@survey.com,1.0
325,326@survey.com,3.0
326,327@survey.com,1.0
327,328@survey.com,1.0
328,329@survey.com,3.0
329,330@survey.com,1.0
330,331@survey.com,1.0
331,332@survey.com,3.0
332,333@survey.com,1.0
333,334@survey.com,2.0
334,335@survey.com,3.0
335,336@survey.com,2.0
336,337@survey.com,3.0
337,338@survey.com,3.0
338,339@survey.com,1.0
339,340@survey.com,2.0
340,341@survey.com,1.0
341,342@survey.com,1.0
342,343@survey.com,1.0
343,344@survey.com,1.0
344,345@survey.com,1.0
345,346@survey.com,1.0
346,347@survey.com,3.0
347,348@survey.com,3.0
348,349@survey.com,2.0
349,350@survey.com,1.0
350,351@survey.com,3.0
351,352@survey.com,2.0
352,353@survey.com,3.0
353,354@survey.com,2.0
354,355@survey.com,2.0
355,356@survey.com,3.0
356,357@survey.com,3.0
357,358@survey.com,3.0
358,359@survey.com,3.0
359,360@survey.com,1.0
360,361@survey.com,3.0
361,362@survey.com,2.0
362,363@survey.com,2.0
363,364@survey.com,2.0
364,365@survey.com,3.0
365,366@survey.com,3.0
366,367@survey.com,3.0
367,368@survey.com,3.0
368,369@survey.com,1.0
369,370@survey.com,3.0
370,371@survey.com,1.0
371,372@survey.com,2.0
372,373@survey.com,3.0
373,374@survey.com,3.0
374,375@survey.com,1.0
375,376@survey.com,3.0
376,377@survey.com,1.0
377,378@survey.com,2.0
378,379@survey.com,1.0
379,380@survey.com,2.0
380,381@survey.com,1.0
381,382@survey.com,2.0
382,383@survey.com,1.0
383,384@survey.com,3.0
384,385@survey.com,1.0
385,386@survey.com,2.0
386,387@survey.com,3.0
387,388@survey.com,1.0
388,389@survey.com,2.0
389,390@survey.com,1.0
390,391@survey.com,3.0
391,392@survey.com,1.0
392,393@survey.com,1.0
393,394@survey.com,3.0
394,395@survey.com,1.0
395,396@survey.com,3.0
396,397@survey.com,2.0
397,398@survey.com,1.0
398,399@survey.com,1.0
399,400@survey.com,2.0
400,401@survey.com,3.0
401,402@survey.com,3.0
402,403@survey.com,3.0
403,404@survey.com,3.0
404,405@survey.com,2.0
405,406@survey.com,1.0
406,407@survey.com,1.0
407,408@survey.com,2.0
408,409@survey.com,1.0
409,410@survey.com,1.0
410,411@survey.com,3.0
411,412@survey.com,1.0
412,413@survey.com,1.0
413,414@survey.com,3.0
414,415@survey.com,2.0
415,416@survey.com,1.0
416,417@survey.com,2.0
417,418@survey.com,3.0
418,419@survey.com,1.0
419,420@survey.com,2.0
420,421@survey.com,1.0
421,422@survey.com,2.0
422,423@survey.com,1.0
423,424@survey.com,1.0
424,425@survey.com,3.0
425,426@survey.com,1.0
426,427@survey.com,1.0
427,428@survey.com,2.0
428,429@survey.com,1.0
429,430@survey.com,1.0
430,431@survey.com,3.0
431,432@survey.com,3.0
432,433@survey.com,2.0
433,434@survey.com,1.0
434,435@survey.com,3.0
435,436@survey.com,1.0
436,437@survey.com,3.0
437,438@survey.com,1.0
438,439@survey.com,1.0
439,440@survey.com,3.0
440,441@survey.com,1.0
441,442@survey.com,3.0
442,443@survey.com,2.0
443,444@survey.com,1.0
444,445@survey.com,3.0
445,446@survey.com,1.0
446,447@survey.com,3.0
447,448@survey.com,2.0
448,449@survey.com,1.0
449,450@survey.com,1.0
450,451@survey.com,3.0
451,452@survey.com,3.0
452,453@survey.com,1.0
453,454@survey.com,1.0
454,455@survey.com,1.0
455,456@survey.com,1.0
456,457@survey.com,3.0
457,458@survey.com,3.0
458,459@survey.com,2.0
459,460@survey.com,2.0
460,461@survey.com,3.0
461,462@survey.com,3.0
462,463@survey.com,2.0
463,464@survey.com,1.0
464,465@survey.com,1.0
465,466@survey.com,3.0
466,467@survey.com,3.0
467,468@survey.com,1.0
468,469@survey.com,3.0
469,470@survey.com,1.0
470,471@survey.com,1.0
471,472@survey.com,3.0
472,473@survey.com,3.0
473,474@survey.com,3.0
474,475@survey.com,2.0
475,476@survey.com,1.0
476,477@survey.com,1.0
477,478@survey.com,3.0
478,479@survey.com,1.0
479,480@survey.com,3.0
480,481@survey.com,2.0
481,482@survey.com,2.0
482,483@survey.com,3.0
483,484@survey.com,3.0
484,485@survey.com,3.0
485,486@survey.com,3.0
486,487@survey.com,1.0
487,488@survey.com,1.0
488,489@survey.com,2.0
489,490@survey.com,3.0
490,491@survey.com,1.0
491,492@survey.com,1.0
492,493@survey.com,2.0
493,494@survey.com,3.0
494,495@survey.com,1.0
495,496@survey.com,1.0
496,497@survey.com,1.0
497,498@survey.com,2.0
498,499@survey.com,2.0
499,500@survey.com,3.0
500,501@survey.com,2.0
501,502@survey.com,2.0
502,503@survey.com,3.0
503,504@survey.com,2.0
504,505@survey.com,3.0
505,506@survey.com,3.0
506,507@survey.com,3.0
507,508@survey.com,2.0
508,509@survey.com,2.0
509,510@survey.com,1.0
510,511@survey.com,2.0
511,512@survey.com,3.0
512,513@survey.com,1.0
513,514@survey.com,3.0
514,515@survey.com,1.0
515,516@survey.com,3.0
516,517@survey.com,1.0
517,518@survey.com,3.0
518,519@survey.com,1.0
519,520@survey.com,3.0
520,521@survey.com,1.0
521,522@survey.com,1.0
522,523@survey.com,3.0
523,524@survey.com,3.0
524,525@survey.com,1.0
525,526@survey.com,2.0
526,527@survey.com,3.0
527,528@survey.com,2.0
528,529@survey.com,3.0
529,530@survey.com,3.0
530,531@survey.com,3.0
531,532@survey.com,2.0
532,533@survey.com,2.0
533,534@survey.com,2.0
534,535@survey.com,1.0
535,536@survey.com,2.0
536,537@survey.com,1.0
537,538@survey.com,2.0
538,539@survey.com,1.0
539,540@survey.com,2.0
540,541@survey.com,2.0
541,542@survey.com,1.0
542,543@survey.com,2.0
543,544@survey.com,3.0
544,545@survey.com,3.0
545,546@survey.com,1.0
546,547@survey.com,2.0
547,548@survey.com,2.0
548,549@survey.com,1.0
549,550@survey.com,1.0
550,551@survey.com,2.0
551,552@survey.com,1.0
552,553@survey.com,2.0
553,554@survey.com,1.0
554,555@survey.com,3.0
555,556@survey.com,1.0
556,557@survey.com,1.0
557,558@survey.com,1.0
558,559@survey.com,1.0
559,560@survey.com,1.0
560,561@survey.com,1.0
561,562@survey.com,2.0
562,563@survey.com,3.0
563,564@survey.com,3.0
564,565@survey.com,3.0
565,566@survey.com,1.0
566,567@survey.com,2.0
567,568@survey.com,3.0
568,569@survey.com,1.0
569,570@survey.com,2.0
570,571@survey.com,3.0
571,572@survey.com,1.0
572,573@survey.com,3.0
573,574@survey.com,3.0
574,575@survey.com,3.0
575,576@survey.com,2.0
576,577@survey.com,3.0
577,578@survey.com,1.0
578,579@survey.com,1.0
579,580@survey.com,3.0
580,581@survey.com,3.0
581,582@survey.com,1.0
582,583@survey.com,3.0
583,584@survey.com,3.0
584,585@survey.com,3.0
585,586@survey.com,1.0
586,587@survey.com,2.0
587,588@survey.com,1.0
588,589@survey.com,1.0
589,590@survey.com,2.0
590,591@survey.com,3.0
591,592@survey.com,1.0
592,593@survey.com,1.0
593,594@survey.com,3.0
594,595@survey.com,2.0
595,596@survey.com,3.0
596,597@survey.com,3.0
597,598@survey.com,3.0
598,599@survey.com,3.0
599,600@survey.com,3.0
600,601@survey.com,1.0
601,602@survey.com,2.0
602,603@survey.com,3.0
603,604@survey.com,1.0
604,605@survey.com,1.0
605,606@survey.com,2.0
606,607@survey.com,3.0
607,608@survey.com,3.0
608,609@survey.com,3.0
609,610@survey.com,2.0
610,611@survey.com,3.0
611,612@survey.com,1.0
612,613@survey.com,3.0
613,614@survey.com,1.0
614,615@survey.com,2.0
615,616@survey.com,2.0
616,617@survey.com,3.0
617,618@survey.com,2.0
618,619@survey.com,2.0
619,620@survey.com,3.0
620,621@survey.com,3.0
621,622@survey.com,3.0
622,623@survey.com,2.0
623,624@survey.com,3.0
624,625@survey.com,1.0
625,626@survey.com,1.0
626,627@survey.com,1.0
627,628@survey.com,1.0
628,629@survey.com,3.0
629,630@survey.com,1.0
630,631@survey.com,1.0
631,632@survey.com,2.0
632,633@survey.com,3.0
633,634@survey.com,3.0
634,635@survey.com,2.0
635,636@survey.com,3.0
636,637@survey.com,3.0
637,638@survey.com,2.0
638,639@survey.com,1.0
639,640@survey.com,3.0
640,641@survey.com,1.0
641,642@survey.com,3.0
642,643@survey.com,2.0
643,644@survey.com,2.0
644,645@survey.com,2.0
645,646@survey.com,3.0
646,647@survey.com,3.0
647,648@survey.com,1.0
648,649@survey.com,1.0
649,650@survey.com,2.0
650,651@survey.com,3.0
651,652@survey.com,3.0
652,653@survey.com,3.0
653,654@survey.com,3.0
654,655@survey.com,1.0
655,656@survey.com,1.0
656,657@survey.com,2.0
657,658@survey.com,1.0
658,659@survey.com,3.0
659,660@survey.com,2.0
660,661@survey.com,1.0
661,662@survey.com,3.0
662,663@survey.com,1.0
663,664@survey.com,2.0
664,665@survey.com,1.0
665,666@survey.com,2.0
666,667@survey.com,2.0
667,668@survey.com,2.0
668,669@survey.com,2.0
669,670@survey.com,3.0
670,671@survey.com,3.0
671,672@survey.com,1.0
672,673@survey.com,1.0
673,674@survey.com,1.0
674,675@survey.com,3.0
675,676@survey.com,1.0
676,677@survey.com,1.0
677,678@survey.com,3.0
678,679@survey.com,2.0
679,680@survey.com,2.0
680,681@survey.com,3.0
681,682@survey.com,2.0
682,683@survey.com,3.0
683,684@survey.com,1.0
684,685@survey.com,1.0
685,686@survey.com,1.0
686,687@survey.com,1.0
687,688@survey.com,2.0
688,689@survey.com,1.0
689,690@survey.com,2.0
690,691@survey.com,3.0
691,692@survey.com,1.0
692,693@survey.com,2.0
693,694@survey.com,1.0
694,695@survey.com,2.0
695,696@survey.com,1.0
696,697@survey.com,1.0
697,698@survey.com,1.0
698,699@survey.com,1.0
699,700@survey.com,1.0
700,701@survey.com,1.0
701,702@survey.com,3.0
702,703@survey.com,2.0
703,704@survey.com,3.0
704,705@survey.com,1.0
705,706@survey.com,2.0
706,707@survey.com,3.0
707,708@survey.com,2.0
708,709@survey.com,3.0
709,710@survey.com,1.0
710,711@survey.com,3.0
711,712@survey.com,1.0
712,713@survey.com,1.0
713,714@survey.com,2.0
714,715@survey.com,1.0
715,716@survey.com,3.0
716,717@survey.com,2.0
717,718@survey.com,2.0
718,719@survey.com,2.0
719,720@survey.com,3.0
720,721@survey.com,2.0
721,722@survey.com,2.0
722,723@survey.com,2.0
723,724@survey.com,1.0
724,725@survey.com,1.0
725,726@survey.com,3.0
726,727@survey.com,3.0
727,728@survey.com,3.0
728,729@survey.com,1.0
729,730@survey.com,3.0
730,731@survey.com,2.0
731,732@survey.com,1.0
732,733@survey.com,1.0
733,734@survey.com,2.0
734,735@survey.com,2.0
735,736@survey.com,1.0
736,737@survey.com,2.0
737,738@survey.com,1.0
738,739@survey.com,3.0
739,740@survey.com,3.0
740,741@survey.com,3.0
741,742@survey.com,2.0
742,743@survey.com,2.0
743,744@survey.com,3.0
744,745@survey.com,2.0
745,746@survey.com,3.0
746,747@survey.com,1.0
747,748@survey.com,2.0
748,749@survey.com,2.0
749,750@survey.com,2.0
750,751@survey.com,2.0
751,752@survey.com,2.0
752,753@survey.com,1.0
753,754@survey.com,2.0
754,755@survey.com,3.0
755,756@survey.com,1.0
756,757@survey.com,3.0
757,758@survey.com,1.0
758,759@survey.com,3.0
759,760@survey.com,2.0
760,761@survey.com,1.0
761,762@survey.com,3.0
762,763@survey.com,3.0
763,764@survey.com,2.0
764,765@survey.com,1.0
765,766@survey.com,3.0
766,767@survey.com,1.0
767,768@survey.com,1.0
768,769@survey.com,3.0
769,770@survey.com,2.0
770,771@survey.com,1.0
771,772@survey.com,3.0
772,773@survey.com,1.0
773,774@survey.com,1.0
774,775@survey.com,1.0
775,776@survey.com,2.0
776,777@survey.com,2.0
777,778@survey.com,3.0
778,779@survey.com,1.0
779,780@survey.com,1.0
780,781@survey.com,1.0
781,782@survey.com,2.0
782,783@survey.com,2.0
783,784@survey.com,3.0
784,785@survey.com,2.0
785,786@survey.com,3.0
786,787@survey.com,3.0
787,788@survey.com,3.0
788,789@survey.com,1.0
789,790@survey.com,1.0
790,791@survey.com,3.0
791,792@survey.com,3.0
792,793@survey.com,1.0
793,794@survey.com,1.0
794,795@survey.com,3.0
795,796@survey.com,3.0
796,797@survey.com,2.0
797,798@survey.com,3.0
798,799@survey.com,3.0
799,800@survey.com,2.0
800,801@survey.com,3.0
801,802@survey.com,3.0
802,803@survey.com,1.0
803,804@survey.com,1.0
804,805@survey.com,2.0
805,806@survey.com,1.0
806,807@survey.com,3.0
807,808@survey.com,3.0
808,809@survey.com,3.0
809,810@survey.com,3.0
810,811@survey.com,2.0
811,812@survey.com,2.0
812,813@survey.com,3.0
813,814@survey.com,3.0
814,815@survey.com,1.0
815,816@survey.com,3.0
816,817@survey.com,2.0
817,818@survey.com,3.0
818,819@survey.com,3.0
819,820@survey.com,3.0
820,821@survey.com,3.0
821,822@survey.com,2.0
822,823@survey.com,3.0
823,824@survey.com,3.0
824,825@survey.com,2.0
825,826@survey.com,2.0
826,827@survey.com,2.0
827,828@survey.com,2.0
828,829@survey.com,1.0
829,830@survey.com,2.0
830,831@survey.com,2.0
831,832@survey.com,1.0
832,833@survey.com,2.0
833,834@survey.com,2.0
834,835@survey.com,3.0
835,836@survey.com,3.0
836,837@survey.com,3.0
837,838@survey.com,2.0
838,839@survey.com,3.0
839,840@survey.com,1.0
840,841@survey.com,1.0
841,842@survey.com,1.0
842,843@survey.com,1.0
843,844@survey.com,3.0
844,845@survey.com,2.0
845,846@survey.com,1.0
846,847@survey.com,1.0
847,848@survey.com,1.0
848,849@survey.com,3.0
849,850@survey.com,2.0
850,851@survey.com,1.0
851,852@survey.com,2.0
852,853@survey.com,3.0
853,854@survey.com,2.0
854,855@survey.com,3.0
855,856@survey.com,3.0
856,857@survey.com,1.0
857,858@survey.com,3.0
858,859@survey.com,3.0
859,860@survey.com,3.0
860,861@survey.com,3.0
861,862@survey.com,3.0
862,863@survey.com,3.0
863,864@survey.com,3.0
864,865@survey.com,3.0
865,866@survey.com,1.0
866,867@survey.com,3.0
867,868@survey.com,3.0
868,869@survey.com,1.0
869,870@survey.com,2.0
870,871@survey.com,1.0
871,872@survey.com,2.0
872,873@survey.com,3.0
873,874@survey.com,3.0
874,875@survey.com,3.0
875,876@survey.com,3.0
876,877@survey.com,3.0
877,878@survey.com,2.0
878,879@survey.com,2.0
879,880@survey.com,3.0
880,881@survey.com,3.0
881,882@survey.com,2.0
882,883@survey.com,1.0
883,884@survey.com,1.0
884,885@survey.com,1.0
885,886@survey.com,3.0
886,887@survey.com,3.0
887,888@survey.com,1.0
888,889@survey.com,1.0
889,890@survey.com,2.0
890,891@survey.com,3.0
891,892@survey.com,3.0
892,893@survey.com,3.0
893,894@survey.com,1.0
894,895@survey.com,1.0
895,896@survey.com,3.0
896,897@survey.com,2.0
897,898@survey.com,3.0
898,899@survey.com,2.0
899,900@survey.com,3.0
900,901@survey.com,1.0
901,902@survey.com,1.0
902,903@survey.com,3.0
903,904@survey.com,3.0
904,905@survey.com,1.0
905,906@survey.com,3.0
906,907@survey.com,1.0
907,908@survey.com,1.0
908,909@survey.com,3.0
909,910@survey.com,1.0
910,911@survey.com,2.0
911,912@survey.com,2.0
912,913@survey.com,3.0
913,914@survey.com,2.0
914,915@survey.com,2.0
915,916@survey.com,1.0
916,917@survey.com,3.0
917,918@survey.com,3.0
918,919@survey.com,2.0
919,920@survey.com,2.0
920,921@survey.com,3.0
921,922@survey.com,3.0
922,923@survey.com,3.0
923,924@survey.com,2.0
924,925@survey.com,3.0
925,926@survey.com,1.0
926,927@survey.com,3.0
927,928@survey.com,1.0
928,929@survey.com,2.0
929,930@survey.com,2.0
930,931@survey.com,1.0
931,932@survey.com,1.0
932,933@survey.com,1.0
933,934@survey.com,2.0
934,935@survey.com,3.0
935,936@survey.com,1.0
936,937@survey.com,1.0
937,938@survey.com,2.0
938,939@survey.com,1.0
939,940@survey.com,2.0
940,941@survey.com,3.0
941,942@survey.com,1.0
942,943@survey.com,1.0
943,944@survey.com,3.0
944,945@survey.com,3.0
945,946@survey.com,3.0
946,947@survey.com,3.0
947,948@survey.com,1.0
948,949@survey.com,1.0
949,950@survey.com,3.0
950,951@survey.com,3.0
951,952@survey.com,3.0
952,953@survey.com,2.0
953,954@survey.com,1.0
954,955@survey.com,1.0
955,956@survey.com,3.0
956,957@survey.com,3.0
957,958@survey.com,3.0
958,959@survey.com,1.0
959,960@survey.com,1.0
960,961@survey.com,2.0
961,962@survey.com,3.0
962,963@survey.com,2.0
963,964@survey.com,3.0
964,965@survey.com,2.0
965,966@survey.com,1.0
966,967@survey.com,2.0
967,968@survey.com,2.0
968,969@survey.com,3.0
969,970@survey.com,1.0
970,971@survey.com,2.0
971,972@survey.com,3.0
972,973@survey.com,2.0
973,974@survey.com,2.0
974,975@survey.com,3.0
975,976@survey.com,2.0
976,977@survey.com,2.0
977,978@survey.com,3.0
978,979@survey.com,1.0
979,980@survey.com,2.0
980,981@survey.com,2.0
981,982@survey.com,2.0
982,983@survey.com,3.0
983,984@survey.com,1.0
984,985@survey.com,3.0
985,986@survey.com,2.0
986,987@survey.com,2.0
987,988@survey.com,2.0
988,989@survey.com,2.0
989,990@survey.com,2.0
990,991@survey.com,3.0
991,992@survey.com,3.0
992,993@survey.com,3.0
993,994@survey.com,1.0
994,995@survey.com,3.0
995,996@survey.com,3.0
996,997@survey.com,3.0
997,998@survey.com,1.0
998,999@survey.com,2.0
999,1000@survey.com,2.0
1000,1001@survey.com,3.0
1001,1002@survey.com,1.0
1002,1003@survey.com,3.0
1003,1004@survey.com,1.0
1004,1005@survey.com,3.0
1005,1006@survey.com,2.0
1006,1007@survey.com,3.0
1007,1008@survey.com,3.0
1008,1009@survey.com,2.0
1009,1010@survey.com,3.0
